{"cameraMode":{"drawMode":0,"name":"Shaded","section":"Shading Mode"},"sceneLighting":false,"audioPlay":false,"sceneViewState":{"m_AlwaysRefresh":false,"showFog":true,"showSkybox":false,"showFlares":true,"showImageEffects":true,"showParticleSystems":true,"showVisualEffectGraphs":true,"m_FxEnabled":true},"in2DMode":false,"pivot":{"x":0.24597549438476563,"y":3.962221622467041,"z":1.2436504364013672},"rotation":{"x":-0.1231728345155716,"y":0.12677082419395448,"z":-0.01580750197172165,"w":-0.9841675758361816},"size":10.683553695678711,"orthographic":false}