{"cameraMode":{"drawMode":0,"name":"Shaded","section":"Shading Mode"},"sceneLighting":true,"audioPlay":false,"sceneViewState":{"m_AlwaysRefresh":false,"showFog":true,"showSkybox":true,"showFlares":true,"showImageEffects":true,"showParticleSystems":true,"showVisualEffectGraphs":true,"m_FxEnabled":true},"in2DMode":false,"pivot":{"x":0.3630552291870117,"y":1.119999885559082,"z":-0.8249521255493164},"rotation":{"x":0.22699178755283357,"y":-0.1670277714729309,"z":0.039549246430397037,"w":0.958653450012207},"size":3.9634997844696047,"orthographic":false}