{"cameraMode":{"drawMode":0,"name":"Shaded","section":"Shading Mode"},"sceneLighting":false,"audioPlay":false,"sceneViewState":{"m_AlwaysRefresh":false,"showFog":true,"showSkybox":false,"showFlares":true,"showImageEffects":true,"showParticleSystems":true,"showVisualEffectGraphs":true,"m_FxEnabled":true},"in2DMode":false,"pivot":{"x":1.80255126953125,"y":2.7559022903442385,"z":0.9206199645996094},"rotation":{"x":0.014643087983131409,"y":0.6988070011138916,"z":-0.01721348613500595,"w":0.7153323292732239},"size":10.751133918762207,"orthographic":false}