{"cameraMode":{"drawMode":0,"name":"Shaded","section":"Shading Mode"},"sceneLighting":false,"audioPlay":false,"sceneViewState":{"m_AlwaysRefresh":false,"showFog":true,"showSkybox":false,"showFlares":true,"showImageEffects":true,"showParticleSystems":true,"showVisualEffectGraphs":true,"m_FxEnabled":true},"in2DMode":false,"pivot":{"x":25.123077392578126,"y":14.575810432434082,"z":0.5667457580566406},"rotation":{"x":0.21600888669490815,"y":-0.3624657392501831,"z":0.08447623997926712,"w":0.9029738306999207},"size":45.902469635009769,"orthographic":false}