{"cameraMode":{"drawMode":0,"name":"Shaded","section":"Shading Mode"},"sceneLighting":false,"audioPlay":false,"sceneViewState":{"m_AlwaysRefresh":false,"showFog":true,"showSkybox":false,"showFlares":true,"showImageEffects":true,"showParticleSystems":true,"showVisualEffectGraphs":true,"m_FxEnabled":true},"in2DMode":false,"pivot":{"x":2.327589988708496,"y":1.7947144508361817,"z":-2.382946729660034},"rotation":{"x":0.036995597183704379,"y":0.6321897506713867,"z":-0.032942213118076327,"w":0.7735797762870789},"size":5.962538242340088,"orthographic":false}