{"cameraMode":{"drawMode":0,"name":"Shaded","section":"Shading Mode"},"sceneLighting":false,"audioPlay":false,"sceneViewState":{"m_AlwaysRefresh":false,"showFog":true,"showSkybox":false,"showFlares":true,"showImageEffects":true,"showParticleSystems":true,"showVisualEffectGraphs":true,"m_FxEnabled":true},"in2DMode":false,"pivot":{"x":0.16379165649414063,"y":7.160614013671875,"z":0.1785287857055664},"rotation":{"x":-0.22218430042266847,"y":-0.2575833797454834,"z":0.06105095520615578,"w":-0.9384216666221619},"size":58.440269470214847,"orthographic":false}