{"cameraMode":{"drawMode":0,"name":"Shaded","section":"Shading Mode"},"sceneLighting":false,"audioPlay":false,"sceneViewState":{"m_AlwaysRefresh":false,"showFog":true,"showSkybox":false,"showFlares":true,"showImageEffects":true,"showParticleSystems":true,"showVisualEffectGraphs":true,"m_FxEnabled":true},"in2DMode":false,"pivot":{"x":0.0000019073486328125,"y":5.434727191925049,"z":-0.000003814697265625},"rotation":{"x":-0.15839405357837678,"y":0.2906021475791931,"z":-0.04878798872232437,"w":-0.9424207210540772},"size":12.141260147094727,"orthographic":false}