{"cameraMode":{"drawMode":0,"name":"Shaded","section":"Shading Mode"},"sceneLighting":false,"audioPlay":false,"sceneViewState":{"m_AlwaysRefresh":false,"showFog":true,"showSkybox":false,"showFlares":true,"showImageEffects":true,"showParticleSystems":true,"showVisualEffectGraphs":true,"m_FxEnabled":true},"in2DMode":false,"pivot":{"x":126.79893493652344,"y":86.37467956542969,"z":10.024965286254883},"rotation":{"x":-0.08012956380844116,"y":0.16282302141189576,"z":-0.013267775997519493,"w":-0.9833095669746399},"size":152.8779754638672,"orthographic":false}